,,,,,,,,,,,,,,,
,PLOMERIA ,,,,,,,,,,,,,,
,TUBERIA ESTANDAR SANITARIA: 50MM - 75MM - 110MM - 160MM,,,,,,,Listo,Paginas de donde se sacaron las imagenes ,,,,,,
,CODO 50MM - 75MM - 110MM - 160MM  90° ESTANDAR ,,,,,,,Listo,https://conectando.com.ve/linea-sanitaria-tuberia-tipo-a/,,,,,,
,CODO 50MM - 75MM - 110MM - 160MM  45° ESTANDAR,,,,,,,Listo,,,,,,,
,TEE 50MM - 75MM - 110MM -160MM ESTANDAR,,,,,,,Listo,,,,,,,
,YEE 50MM - 75MM - 110MM - 160MM ESTANDAR ,,,,,,,Listo,,,,,,,
,ANILLO 50MM -75MM - 110MM - 160MM ESTANDAR,,,,,,,Listo,,,,,,,
,TAPA LISA 50MM - 75MM - 110MM ESTANDAR,,,,,,,Listo,,,,,,,
,TAPON DE REGISTRO 50MM - 75MM - 110MM ESTANDAR,,,,,,,Listo,,,,,,,
,TEE REDUCIDA 110X75MM - 110MM X 50MM - 75MM X 50MM ESTANDAR,,,,,,,Listo,,,,,,,
,YEE REDUCIDA 110MM X 75MM - 110M X 50MM - 75MM X 50MM ESTANDAR,,,,,,,Listo,,,,,,,
,ANILLO REDUCIDO 110MM X 75MM - 75MM X 50MM - 110MM X 50MM ESTANDAR,,,,,,,Listo,https://donsenvenezuela.com/product/anillo-reduccion-lisa-2/,,,,,,https://listado.mercadolibre.com.ve/anillo-reductor-4-a-3
,,,,,,,,,,,,,,,
,TUBERIA REFORZADA SANITARIA: 50MM - 75MM - 110MM - 160MM,,,,,,,Listo,,,,,,,
,CODO 50MM - 75MM - 110MM - 160MM  90° REFORZADA,,,,,,,Listo,,,,,,,
,CODO 50MM - 75MM - 110MM - 160MM  45° REFORZADA,,,,,,,Listo,,,,,,,
,TEE 50MM - 75MM - 110MM -160MM REFORZADA,,,,,,,Listo,,,,,,,
,YEE 50MM - 75MM - 110MM - 160MM REFORZADA,,,,,,,Listo,,,,,,,
,ANILLO 50MM -75MM - 110MM - 160MM REFORZADA,,,,,,,Listo,,,,,,,
,TAPA LISA 50MM - 75MM - 110MM REFORZADA,,,,,,,Listo,No la encuentro ,,,,,,
,TEE REDUCIDA 110X75MM - 110MM X 50MM - 75MM X 50MM REFORZADA,,,,,,,Listo,,,,,,,
,YEE REDUCIDA 110MM X 75MM - 110M X 50MM - 75MM X 50MM REFORZADA,,,,,,,Listo,,,,,,,
,ANILLO REDUCIDO 110MM X 75MM - 75MM X 50MM - 110MM X 50MM REFORZADA,,,,,,,Listo,https://listado.mercadolibre.com.ve/industrias-construccion/anillo-pvc-aguas-negras-reducido-4x2,,,,,,
,,,,,,,,,,,,,,,
,TUBO PVC AGUA  FRIA SOLDAR,,,,,,,Listo,,,,,,,
,"1/2 - 3/4 - 1"" - 1 1/2 - 2""",,,,,,,,,,,,,,
,,,,,,,,,,,,,,,
,"CODO AGUA FRIA 90°: 1/2 - 3/4 - 1"" - 1 1/2 - 2""",,,,,,,Listo,,,,,,,
,"CODO AGUA FRIA 45°: 1/2 - 3/4 - 1"" - 1 1/2 - 2""",,,,,,,Listo,,,,,,,
,"TEE AGUA FRIA: 1/2 - 3/4 - 1"" - 1 1/2 - 2""",,,,,,,Listo,,,,,,,
,"ANILLO AGUA FRIA : 1/2 - 3/4 - 1"" - 1 1/2 - 2""",,,,,,,Listo,,,,,,,
,"ADAPTADOR MACHO: 1/2 - 3/4 - 1"" - 1 1/2 - 2""",,,,,,,Listo,,,,,,,
,"ADAPTADOR HEMBRA: 1/2 - 3/4 - 1"" - 1 1/2 - 2""",,,,,,,Listo,,,,,,,
,"TAPA AGUA FRIA: 1/2 - 3/4 - 1"" - 1 1/2 - 2""",,,,,,,Listo,,,,,,,
,"TAPON AGUA FRIA: 1/2 - 3/4 - 1""",,,,,,,Listo,,,,,,,
,ANILLO REDUCIDO: 3/4 X 1/2 - 1 X 3/4 - 1 X 1/2,,,,,,,Listo,,,,,,,
,,,,,,,,,,,,,,,
,TUBO PVC SCH80 AZUL ROSCADO,,,,,,,Listo,,,,,,,
,"1/2 - 3/4 - 1""",,,,,,,,,,,,,,
,,,,,,,,,,,,,,,
,"CODO PVC 90"" ROSCA: 1/2 - 3/4 - 1""",,,,,,,Listo,,,,,,,
,"TEE PVC ROSCA: 1/2 - 3/4 - 1""",,,,,,,Listo,,,,,,,
,"ANILLO PVC ROSCA: 1/2 - 3/4 - 1""",,,,,,,Listo,,,,,,,
,"TAPA PVC ROSCA: 1/2 - 3/4 - 1""",,,,,,,Listo,,,,,,,
,"TAPON PVC ROSCA: 1/2 - 3/4 - 1""",,,,,,,Listo,,,,,,,
,"ANILLO PVC REDUCIDO ROSCA: 1/2 X 3/4 - 1"" X 3/4",,,,,,,Listo,,,,,,,
,"JUNTA DRESSER PVC: 1/2 - 3/4 - 1"" - 2""",,,,,,,Listo,,,,,,,
,,,,,,,,,,,,,,,
,"CODO GALVANIZADO 90°: 1/2 - 3/4 - 1"" - 1 1/2 - 2"" - 3"" - 4""",,,,,,,Listo,,,,,,,
,"CODO GALVANIZADO 45°: 1/2 - 3/4 - 1"" - 1 1/2 - 2"" ",,,,,,,Listo,,,,,,,
,"ANILLO GALVANIZADO: 1/2 - 3/4 - 1"" - 1 1/2 - 2""",,,,,,,Listo,,,,,,,
,"TEE GALVANIZADA: 1/2 - 3/4 - 1""",,,,,,,Listo,,,,,,,
,"TAPA GALVANIZADA: 1/2 - 3/4 - 1""",,,,,,,Listo,,,,,,,
,"TAPON GALVANIZADO: 1/2 - 3/4 - 1""",,,,,,,Listo,,,,,,,
,"BUSHING GALVANIZAD: 1/2X3/4 - 1/2X1"" - 3/4X1""",,,,,,,Listo,,,,,,,
,ANILLO REDUCIDO GALVANIZADO: 1X1/2 - 1X3/4 - 3/4X1/2,,,,,,,Listo,,,,,,,
,"JUNTA DRESSER GALVANIZADA: 1/2 - 3/4 - 1""",,,,,,,Listo,,,,,,,
,"UNION UNIVERSAL GALVANIZADA: 1/2 - 3/4 - 1"" - 1 1/2 - 2""",,,,,,,Listo,,,,,,,
,,,,,,,,,,,,,,,
,"UNION UNIVERSAL PVC SOLDAR: 1/2 - 3/4 - 1"" - 1 1/2 - 2"" - 4""",,,,,,,Listo,,,,,,,
,"UNION UNIVERSAL PVC ROSCA: 1/2 - 3/4 - 1"" - 1 1/2 - 2"" - 4""",,,,,,,Listo,,,,,,,
,,,,,,,,,,,,,,,
,"NIPLE GALVANIZADO: 1/2 - 3/4 - 1"" - 1 1/2 - 2""",,,,,,,Listo,,,,,,,
,,,,,,,,,,,,,,,
,,,,,,,,52 productos hasta el momento,,,,,,,
,,,,,,,,,,,,,,,
,PPR ,,,,,,,,,,,,,,
,"PPR TUBOS 3M LONGITUD PN12,5/S4",,,,FRIA ,,,Listo,,,,,,,
,"PPR TUBOS 3M LONGITUD PN16/S3,2",,,,FRIA / CALINTE,,,Listo,,,,,,,
,"PPR TUBOS 4M LONGITUD PN12,5/S4",,,,FRIA ,,,Listo,,,,,,,
,"PPR TUBOS 4M LONGITUD PN20/S2,5",,,,FRIA / CALIENTE ,,,Listo,,,,,,,
,ADAPTADOR ROSCA MACHO ,,,,,,,Listo,,,,,,,
,ADAPTADOR ROSCA HEMBRA ,,,,,,,Listo,,,,,,,
,CODO 90° CON ROSCA HEMBRA ,,,,,,,Listo,,,,,,,
,CODO 90° CON ROSCA MACHO ,,,,,,,Listo,,,,,,,
,CODO 90° LISO ,,,,,,,Listo,,,,,,,
,CODO 45° LISO ,,,,,,,Listo,,,,,,,
,TEE LISA ,,,,,,,Listo,,,,,,,
,TEE REDUCIDA LISA ,,,,,,,Listo,,,,,,,
,TEE CON ROSCA MACHO ,,,,,,,Listo,,,,,,,
,TEE CON ROSCA HEMBRA ,,,,,,,Listo,,,,,,,
,UNIÓN ROSCA MACHO ,,,,,,,Listo,,,,,,,
,UNIÓN METLICA ,,,,,,,Listo,,,,,,,
,UNIÓN PLASTICA ,,,,,,,Listo,,,,,,,
,UNIÓN ROSCA HEMBRA ,,,,,,,Listo,,,,,,,
,ANILLO LISO ,,,,,,,Listo,,,,,,,
,ANILLO REDUCTOR LISO ,,,,,,,Listo,,,,,,,
,TAPÓN PARA PRUEBAS ,,,,,,,Listo,,,,,,,
,TAPÓN LISO ,,,,,,,Listo,,,,,,,
,CRUZ ,,,,,,,Listo,,,,,,,
,BRIDA ,,,,,,,Listo,,,,,,,
,VÁLVULA BOLA DOBLE UNIÓN ,,,,,,,Listo,,,,,,,
,VÁVULA PPR ,,,,,,,Listo,,,,,,,
,VÁLVULA BOLA ROSCA MACHO ,,,,,,,Listo,,,,,,,
,VÁLVULA BOLA ROSCA HEMBRA  ,,,,,,,Listo,,,,,,,
,VÁVULA CHECK ,,,,,,,Listo,,,,,,,
,SOBRE PASO LARGO ,,,,,,,Listo,,,,,,,
,SOBRE PASO CORTO ,,,,,,,Listo,,,,,,,
,SOPORTE LARGO ,,,,,,,Listo,,,,,,,
,SOPORTE TUBERÍA ,,,,,,,Listo,,,,,,,
,TIJERAS ,,,,,,,Listo,,,,,,,
,TERMOFUSORA ,,,,,,,Listo,,,,,,,
,DADOS ,,,,,,,36 productos ,,,,,,,
,,,,,,,,,88 productos hasta el momento,,,,,,
,,,,,,,,,,,,,,,
,,,,,,,,,,,,,,,
,Línea 1: Grifería para Lavamanos (Baño),,,,,,,,,,,,,,
,,,,,,,,,,,,,,,
,Monomandos Altos:,,,,,,,,,,,,,,
,"Monomando Lavamanos Piazza (Pico Alto): (Versiones en Cromo, Black, Brushed, Rose Gold y Golden Brush).",,,,,,,,,,,,,,
,"Monomando Lavamanos Prestige (Pico Alto): (Cromo, Black, Brushed, Golden Brush, Rose Gold).",,,,,,,,,,,,,,
,Monomando Lavamanos Joy (Pico Alto): (Versión Metal y versiones económicas ABS Blanco/Negro).,,,,,,,,,,,,,,
,,,,,,,,,,,,,,,
,Monomandos Estándar,,,,,,,,,,,,,,
,"Monomando Lavamanos Modelo Piazza: (Versiones en Cromo, Black, Brushed, Rose Gold y Golden Brush).",,,,,,,,,,,,,,
,"Monomando Lavamanos Modelo Square: (Cromo, Black, Brushed).",,,,,,,,,,,,,,
,Monomando Lavamanos Modelo Zoe 360.,,,,,,,,,,,,,,
,,,,,,,,,,,,,,,
,Grifos Individuales:,,,,,,,,,,,,,,
,Grifería Individual (1 solo pomo): Modelo Spike,,,,,,,,,,,,,,
,Grifería Individual (1 solo pomo): Modelo Chopp.,,,,,,,,,,,,,,
,Grifería Individual Modelo Square (ABS Plus): (Blanco y Negro).,,,,,,,,,,,,,,
,,,,,,,,,,,,,,,
,Juegos Twin:,,,,,,,,,,,,,,
,"Juegos Twin (8"") doble pomo: modelo Cross",,,,,,,,,,,,,,
,"Juegos Twin (8"") doble pomo: modelo Time",,,,,,,,,,,,,,
,,,,,,,,,,,,,,,
,Grifería Institucional:,,,,,,,,,,,,,,
,Lavamanos válvula temporizada institucional,,,,,,,,,,,,,,
,,,,,,,,,,,,,,,
,Línea 2: Grifería para Fregadores (Cocina),,,,,,,,,,,,,,
,,,,,,,,,,,,,,,
,Monomandos Profesionales (Línea Chef / Resorte),,,,,,,,,,,,,,
,Monomando Modelo Bridge Resorte Metálico,,,,,,,,,,,,,,
,Monomando Modelo Bridge Flexible,,,,,,,,,,,,,,
,Monomando Modelo Bridge Black,,,,,,,,,,,,,,
,,,,,,,,,,,,,,,
,Monomandos Extensibles (Manguera extraíble),,,,,,,,,,,,,,
,Monomando Modelo Hammer Extensible,,,,,,,,,,,,,,
,Monomando Modelo Rek Extensible,,,,,,,,,,,,,,
,Monomando Modelo Vogue Extensible,,,,,,,,,,,,,,
,Monomando Modelo Twist Extensible,,,,,,,,,,,,,,
,,,,,,,,,,,,,,,
,Cuello de Cisne Tradicional:,,,,,,,,,,,,,,
,Fregadero Monomando Pico Cisne Modelo Joy,,,,,,,,,,,,,,
,Grifo Fregadero Monomando Modelo Ovni,,,,,,,,,,,,,,
,Monomando Fregadero Cuello Cisne Modelo Tai,,,,,,,,,,,,,,
,,,,,,,,,,,,,,,
,Griferías para instalación a Pared:,,,,,,,,,,,,,,
,Monomando Fregadero Pared Empotrar Modelo Joy,,,,,,,,,,,,,,
,Monomando Fregadero Pared Empotrar Modelo Plegable,,,,,,,,,,,,,,
,Grifo Pared Monomando Modelo Square Cisne,,,,,,,,,,,,,,
,,,,,,,,,,,,,,,
,Mezcladoras Doble Manilla y Grifos Individuales:,,,,,,,,,,,,,,
,Grifo Fregadero Pico Modelo Seven,,,,,,,,,,,,,,
,Grifo Fregadero Pico Cisne Eagle,,,,,,,,,,,,,,
,Grifo Fregadero Pico Cisne Chopp,,,,,,,,,,,,,,
,,,,,,,,,,,,,,,
,Llaves de Arresto (Pared):,,,,,,,,,,,,,,
,Llave de Arresto Modelo Square,,,,,,,,,,,,,,
,Llave de Arresto Modelo Stone,,,,,,,,,,,,,,
,Llave de Arresto Doble Salida,,,,,,,,,,,,,,
,"Llave de Arresto 1/2x3/8""",,,,,,,,,,,,,,
,,,,,,,,,,,,,,,
,Válvulas Industriales y Pesadas (Metal),,,,,,,,,,,,,,
,"Válvulas de Compuerta (Bronce/Roja): Pesadas (De 1/2"" hasta 4"").",,,,,,,,,,,,,,
,"Válvula de Compuerta (Bronce/Roja): Estándar (De 1/2"" hasta 4"").",,,,,,,,,,,,,,
,"Válvula de Bola Metálica (De paso pesado): 1/2"", 3/4"", 1"", 1 1/2"", 2"", 3"", 4"".",,,,,,,,,,,,,,
,"Llaves de Bola (Con Mariposa de Aluminio): 1/2"".",,,,,,,,,,,,,,
,,,,,,,,,,,,,,,
,Línea de Válvulas PVC (Plástico):,,,,,,,,,,,,,,
,"Válvulas de Bola PVC (Pegar/Soldar): 1/2"", 3/4"", 1"", 1 1/2"", 2"", 3"", 4"".",,,,,,,,,,,,,,
,"Válvulas de Bola PVC (Roscar): 1/2"" a 4"".",,,,,,,,,,,,,,
,Válvula de Bola Tipo Doble Unión Universal,,,,,,,,,,,,,,
,Válvula de Bola Tipo Doble Unión Rosca,,,,,,,,,,,,,,
,,,,,,,,,,,,,,,
,Válvulas de Retención y Especiales (Check),,,,,,,,,,,,,,
,"Válvulas de Retención (Check de Pistón de Bronce): 1/2"" a 4"".",,,,,,,,,,,,,,
,"Válvulas de Retención (Swing Check / Gualeta): 1/2"" a 4"".",,,,,,,,,,,,,,
,Válvulas Check con Resorte (Foot Valve).,,,,,,,,,,,,,,
,Válvulas Reductoras de Presión Modelo Italy,,,,,,,,,,,,,,
,,,,,,,,,,,,,,,
,Llaves de Chorro y Manguera:,,,,,,,,,,,,,,
,"Llave de Chorro 1/2"" de Bronce",,,,,,,,,,,,,,
,"Llave de Chorro 1/2"" Cromada de Lujo",,,,,,,,,,,,,,
,"Llave de Chorro 1/2"" Plástica Económica",,,,,,,,,,,,,,
,Llave de Chorro Camello de Lujo,,,,,,,,,,,,,,